novo;antigo
https://raw.githubusercontent.com/PoloDaSaude/membros/main/1.png;https://raw.githubusercontent.com/PoloDaSaude/membros/main/martec.png
https://raw.githubusercontent.com/PoloDaSaude/membros/main/2.png;https://raw.githubusercontent.com/PoloDaSaude/membros/main/samtec.png
https://raw.githubusercontent.com/PoloDaSaude/membros/main/3.png;https://raw.githubusercontent.com/PoloDaSaude/membros/main/egmont.png
https://raw.githubusercontent.com/PoloDaSaude/membros/main/4.png;https://raw.githubusercontent.com/PoloDaSaude/membros/main/labmaq.png
https://raw.githubusercontent.com/PoloDaSaude/membros/main/5.png;https://raw.githubusercontent.com/PoloDaSaude/membros/main/farmacore.png
https://raw.githubusercontent.com/PoloDaSaude/membros/main/6.png;https://raw.githubusercontent.com/PoloDaSaude/membros/main/invent.png
https://raw.githubusercontent.com/PoloDaSaude/membros/main/7.png;https://raw.githubusercontent.com/PoloDaSaude/membros/main/tecnoar.png
https://raw.githubusercontent.com/PoloDaSaude/membros/main/8.png;https://raw.githubusercontent.com/PoloDaSaude/membros/main/kidopi.png
https://raw.githubusercontent.com/PoloDaSaude/membros/main/9.png;https://raw.githubusercontent.com/PoloDaSaude/membros/main/lychnoflora.png
https://raw.githubusercontent.com/PoloDaSaude/membros/main/10.png;https://raw.githubusercontent.com/PoloDaSaude/membros/main/labtools.png
https://raw.githubusercontent.com/PoloDaSaude/membros/main/11.png;https://raw.githubusercontent.com/PoloDaSaude/membros/main/veritas.png
https://raw.githubusercontent.com/PoloDaSaude/membros/main/12.png;https://raw.githubusercontent.com/PoloDaSaude/membros/main/lipid.png
https://raw.githubusercontent.com/PoloDaSaude/membros/main/13.png;https://raw.githubusercontent.com/PoloDaSaude/membros/main/narcissus.png
https://raw.githubusercontent.com/PoloDaSaude/membros/main/14.png;https://raw.githubusercontent.com/PoloDaSaude/membros/main/idg.png
https://raw.githubusercontent.com/PoloDaSaude/membros/main/15.png;https://raw.githubusercontent.com/PoloDaSaude/membros/main/ciaware.png
https://raw.githubusercontent.com/PoloDaSaude/membros/main/16.png;https://raw.githubusercontent.com/PoloDaSaude/membros/main/fastbio.png
https://raw.githubusercontent.com/PoloDaSaude/membros/main/17.png;https://raw.githubusercontent.com/PoloDaSaude/membros/main/inbras.png
https://raw.githubusercontent.com/PoloDaSaude/membros/main/18.png;https://raw.githubusercontent.com/PoloDaSaude/membros/main/kimerabiotecnologia.png
https://raw.githubusercontent.com/PoloDaSaude/membros/main/19.png;https://raw.githubusercontent.com/PoloDaSaude/membros/main/gphantom.png
https://raw.githubusercontent.com/PoloDaSaude/membros/main/20.png;https://raw.githubusercontent.com/PoloDaSaude/membros/main/k2.png
https://raw.githubusercontent.com/PoloDaSaude/membros/main/21.png;https://raw.githubusercontent.com/PoloDaSaude/membros/main/allannicola.png
https://raw.githubusercontent.com/PoloDaSaude/membros/main/22.png;https://raw.githubusercontent.com/PoloDaSaude/membros/main/vetra.png
https://raw.githubusercontent.com/PoloDaSaude/membros/main/23.png;https://raw.githubusercontent.com/PoloDaSaude/membros/main/dglab.png
https://raw.githubusercontent.com/PoloDaSaude/membros/main/24.png;https://raw.githubusercontent.com/PoloDaSaude/membros/main/diasci.png
https://raw.githubusercontent.com/PoloDaSaude/membros/main/25.png;https://raw.githubusercontent.com/PoloDaSaude/membros/main/insituterapiacelular.png
https://raw.githubusercontent.com/PoloDaSaude/membros/main/26.png;https://raw.githubusercontent.com/PoloDaSaude/membros/main/decoy.png
https://raw.githubusercontent.com/PoloDaSaude/membros/main/27.png;https://raw.githubusercontent.com/PoloDaSaude/membros/main/seluquemedical.png
https://raw.githubusercontent.com/PoloDaSaude/membros/main/28.png;https://raw.githubusercontent.com/PoloDaSaude/membros/main/centagro.png
https://raw.githubusercontent.com/PoloDaSaude/membros/main/29.png;https://raw.githubusercontent.com/PoloDaSaude/membros/main/biopolix.png
https://raw.githubusercontent.com/PoloDaSaude/membros/main/30.png;https://raw.githubusercontent.com/PoloDaSaude/membros/main/nanosens.png
https://raw.githubusercontent.com/PoloDaSaude/membros/main/31.png;https://raw.githubusercontent.com/PoloDaSaude/membros/main/carefy.png
https://raw.githubusercontent.com/PoloDaSaude/membros/main/32.png;https://raw.githubusercontent.com/PoloDaSaude/membros/main/sensorial.png
https://raw.githubusercontent.com/PoloDaSaude/membros/main/33.png;https://raw.githubusercontent.com/PoloDaSaude/membros/main/dcdmed.png
https://raw.githubusercontent.com/PoloDaSaude/membros/main/34.png;https://raw.githubusercontent.com/PoloDaSaude/membros/main/grupodesenvolve.png
https://raw.githubusercontent.com/PoloDaSaude/membros/main/35.png;https://raw.githubusercontent.com/PoloDaSaude/membros/main/manish.png
https://raw.githubusercontent.com/PoloDaSaude/membros/main/36.png;https://raw.githubusercontent.com/PoloDaSaude/membros/main/yosen.png
https://raw.githubusercontent.com/PoloDaSaude/membros/main/37.png;https://raw.githubusercontent.com/PoloDaSaude/membros/main/lanza.png
https://raw.githubusercontent.com/PoloDaSaude/membros/main/38.png;https://raw.githubusercontent.com/PoloDaSaude/membros/main/glycovam.png
https://raw.githubusercontent.com/PoloDaSaude/membros/main/39.png;https://raw.githubusercontent.com/PoloDaSaude/membros/main/elevescience.png
https://raw.githubusercontent.com/PoloDaSaude/membros/main/40.png;https://raw.githubusercontent.com/PoloDaSaude/membros/main/evotech.png
https://raw.githubusercontent.com/PoloDaSaude/membros/main/41.png;https://raw.githubusercontent.com/PoloDaSaude/membros/main/neogenys.png
https://raw.githubusercontent.com/PoloDaSaude/membros/main/42.png;https://raw.githubusercontent.com/PoloDaSaude/membros/main/livingout.png
https://raw.githubusercontent.com/PoloDaSaude/membros/main/43.png;https://raw.githubusercontent.com/PoloDaSaude/membros/main/genedeyeba.png
https://raw.githubusercontent.com/PoloDaSaude/membros/main/44.png;https://raw.githubusercontent.com/PoloDaSaude/membros/main/drfisiologia.png
https://raw.githubusercontent.com/PoloDaSaude/membros/main/45.png;https://raw.githubusercontent.com/PoloDaSaude/membros/main/davisaude.png
https://raw.githubusercontent.com/PoloDaSaude/membros/main/46.png;https://raw.githubusercontent.com/PoloDaSaude/membros/main/obykaa.png
https://raw.githubusercontent.com/PoloDaSaude/membros/main/47.png;https://raw.githubusercontent.com/PoloDaSaude/membros/main/bemtequero60.png
https://raw.githubusercontent.com/PoloDaSaude/membros/main/48.png;https://raw.githubusercontent.com/PoloDaSaude/membros/main/polotrial.png
https://raw.githubusercontent.com/PoloDaSaude/membros/main/49.png;https://raw.githubusercontent.com/PoloDaSaude/membros/main/bymycell.png
https://raw.githubusercontent.com/PoloDaSaude/membros/main/50.png;https://raw.githubusercontent.com/PoloDaSaude/membros/main/consultaja.png
https://raw.githubusercontent.com/PoloDaSaude/membros/main/51.png;https://raw.githubusercontent.com/PoloDaSaude/membros/main/eltherisbio.png
https://raw.githubusercontent.com/PoloDaSaude/membros/main/52.png;https://raw.githubusercontent.com/PoloDaSaude/membros/main/nock.png
https://raw.githubusercontent.com/PoloDaSaude/membros/main/53.png;https://raw.githubusercontent.com/PoloDaSaude/membros/main/iasense.png
https://raw.githubusercontent.com/PoloDaSaude/membros/main/54.png;https://raw.githubusercontent.com/PoloDaSaude/membros/main/monissa.png
https://raw.githubusercontent.com/PoloDaSaude/membros/main/55.png;https://raw.githubusercontent.com/PoloDaSaude/membros/main/bind.png
https://raw.githubusercontent.com/PoloDaSaude/membros/main/56.png;https://raw.githubusercontent.com/PoloDaSaude/membros/main/empoderamente.png
https://raw.githubusercontent.com/PoloDaSaude/membros/main/57.png;https://raw.githubusercontent.com/PoloDaSaude/membros/main/canabinote.png
https://raw.githubusercontent.com/PoloDaSaude/membros/main/58.png;https://raw.githubusercontent.com/PoloDaSaude/membros/main/frentepsi.png
https://raw.githubusercontent.com/PoloDaSaude/membros/main/59.png;https://raw.githubusercontent.com/PoloDaSaude/membros/main/dnaguide.png
https://raw.githubusercontent.com/PoloDaSaude/membros/main/60.png;https://raw.githubusercontent.com/PoloDaSaude/membros/main/lapharmatec.png
https://raw.githubusercontent.com/PoloDaSaude/membros/main/61.png;https://raw.githubusercontent.com/PoloDaSaude/membros/main/deltronix.png
https://raw.githubusercontent.com/PoloDaSaude/membros/main/62.png;https://raw.githubusercontent.com/PoloDaSaude/membros/main/editbiobiotecnologia.png
https://raw.githubusercontent.com/PoloDaSaude/membros/main/63.png;https://raw.githubusercontent.com/PoloDaSaude/membros/main/sensirug.png
https://raw.githubusercontent.com/PoloDaSaude/membros/main/64.png;https://raw.githubusercontent.com/PoloDaSaude/membros/main/obviolaboratorio.png
https://raw.githubusercontent.com/PoloDaSaude/membros/main/65.png;https://raw.githubusercontent.com/PoloDaSaude/membros/main/amstech.png
https://raw.githubusercontent.com/PoloDaSaude/membros/main/66.png;https://raw.githubusercontent.com/PoloDaSaude/membros/main/fetal3d.png
https://raw.githubusercontent.com/PoloDaSaude/membros/main/67.png;https://raw.githubusercontent.com/PoloDaSaude/membros/main/medsansolutions.png
https://raw.githubusercontent.com/PoloDaSaude/membros/main/68.png;https://raw.githubusercontent.com/PoloDaSaude/membros/main/nuvoxpen.png
https://raw.githubusercontent.com/PoloDaSaude/membros/main/69.png;https://raw.githubusercontent.com/PoloDaSaude/membros/main/gigante.png
https://raw.githubusercontent.com/PoloDaSaude/membros/main/70.png;https://raw.githubusercontent.com/PoloDaSaude/membros/main/kelenfarias.png
https://raw.githubusercontent.com/PoloDaSaude/membros/main/71.png;https://raw.githubusercontent.com/PoloDaSaude/membros/main/ortholens.png
https://raw.githubusercontent.com/PoloDaSaude/membros/main/72.png;https://raw.githubusercontent.com/PoloDaSaude/membros/main/clickmol.png
https://raw.githubusercontent.com/PoloDaSaude/membros/main/73.png;https://raw.githubusercontent.com/PoloDaSaude/membros/main/organosync.png
https://raw.githubusercontent.com/PoloDaSaude/membros/main/74.png;https://raw.githubusercontent.com/PoloDaSaude/membros/main/avitaquimica.png
https://raw.githubusercontent.com/PoloDaSaude/membros/main/75.png;https://raw.githubusercontent.com/PoloDaSaude/membros/main/hokionbiotecnologia.png
https://raw.githubusercontent.com/PoloDaSaude/membros/main/76.png;https://raw.githubusercontent.com/PoloDaSaude/membros/main/lolavethealth.png
https://raw.githubusercontent.com/PoloDaSaude/membros/main/77.png;https://raw.githubusercontent.com/PoloDaSaude/membros/main/raizes.png
https://raw.githubusercontent.com/PoloDaSaude/membros/main/78.png;https://raw.githubusercontent.com/PoloDaSaude/membros/main/stheriam.png
https://raw.githubusercontent.com/PoloDaSaude/membros/main/79.png;https://raw.githubusercontent.com/PoloDaSaude/membros/main/zuttitecnologia.png
